counterId,date,visits_pred,load
912,2019-11-17 01:00:00,6.208080151152277,0.008731477005840052
912,2019-11-17 09:00:00,35.30655540473681,0.049657602538307755
912,2019-11-17 17:00:00,11.006640885584813,0.015480507574662185
912,2019-11-18 01:00:00,2.494340699126017,0.0035082147667032586
912,2019-11-18 09:00:00,26.24842692075743,0.03691761873524252
912,2019-11-18 17:00:00,0.6212535231207781,0.0008737742941220507
912,2019-11-19 01:00:00,0.0,0.0
912,2019-11-19 09:00:00,24.353384417050076,0.034252298758157634
912,2019-11-19 17:00:00,3.8280002833249327,0.0053839666432136885
912,2019-11-20 01:00:00,0.8296452747142133,0.001166870991159231
912,2019-11-20 09:00:00,29.516414969360174,0.04151394510458534
912,2019-11-20 17:00:00,6.550142621590661,0.009212577526850438
912,2019-11-21 01:00:00,0.9706668555908706,0.0013652135802965832
912,2019-11-21 09:00:00,28.092823220600543,0.03951170635808796
912,2019-11-21 17:00:00,4.688510329141998,0.006594248001606186
912,2019-11-22 01:00:00,0.0,0.0
912,2019-11-22 09:00:00,26.967996767790922,0.037929671965950665
912,2019-11-22 17:00:00,4.774764008939217,0.006715561194007337
912,2019-11-23 01:00:00,1.8147521052599593,0.0025523939595780017
912,2019-11-23 09:00:00,33.03792546398853,0.04646684312797261
912,2019-11-23 17:00:00,14.316208629184638,0.020135314527685848
912,2019-11-24 01:00:00,12.76689810429311,0.01795625612418159
912,2019-11-24 09:00:00,41.81252864440724,0.058808057165129726
912,2019-11-24 17:00:00,17.447868171513406,0.024539898975405636
912,2019-11-25 01:00:00,8.85930358583329,0.012460342596108707
912,2019-11-25 09:00:00,32.526017448203135,0.045746859983408064
912,2019-11-25 17:00:00,6.800800380579643,0.009565120085203436
912,2019-11-26 01:00:00,1.1856476865200918,0.0016675776181717184
912,2019-11-26 09:00:00,30.306697803611627,0.042625454013518464
912,2019-11-26 17:00:00,9.654113360251978,0.013578218509496453
922,2019-11-17 01:00:00,6.208080151152277,0.0449860880518281
922,2019-11-17 09:00:00,35.30655540473681,0.25584460438215084
922,2019-11-17 17:00:00,11.006640885584813,0.07975826728684647
922,2019-11-18 01:00:00,2.494340699126017,0.01807493260236244
922,2019-11-18 09:00:00,26.24842692075743,0.19020599217940168
922,2019-11-18 17:00:00,0.6212535231207781,0.004501837124063609
922,2019-11-19 01:00:00,0.0,0.0
922,2019-11-19 09:00:00,24.353384417050076,0.17647380012355127
922,2019-11-19 17:00:00,3.8280002833249327,0.02773913248786183
922,2019-11-20 01:00:00,0.8296452747142133,0.006011922280537778
922,2019-11-20 09:00:00,29.516414969360174,0.21388706499536358
922,2019-11-20 17:00:00,6.550142621590661,0.047464801605729426
922,2019-11-21 01:00:00,0.9706668555908706,0.007033817794136744
922,2019-11-21 09:00:00,28.092823220600543,0.20357118275797495
922,2019-11-21 17:00:00,4.688510329141998,0.03397471253001448
922,2019-11-22 01:00:00,0.0,0.0
922,2019-11-22 09:00:00,26.967996767790922,0.19542026643326754
922,2019-11-22 17:00:00,4.774764008939217,0.03459973919521171
922,2019-11-23 01:00:00,1.8147521052599593,0.013150377574347531
922,2019-11-23 09:00:00,33.03792546398853,0.23940525698542411
922,2019-11-23 17:00:00,14.316208629184638,0.10374064224046839
922,2019-11-24 01:00:00,12.76689810429311,0.09251375437893558
922,2019-11-24 09:00:00,41.81252864440724,0.30298933800295097
922,2019-11-24 17:00:00,17.447868171513406,0.1264338273298073
922,2019-11-25 01:00:00,8.85930358583329,0.06419785207125572
922,2019-11-25 09:00:00,32.526017448203135,0.23569577861016763
922,2019-11-25 17:00:00,6.800800380579643,0.049281162178113354
922,2019-11-26 01:00:00,1.1856476865200918,0.008591649902319505
922,2019-11-26 09:00:00,30.306697803611627,0.21961375220008425
922,2019-11-26 17:00:00,9.654113360251978,0.06995734319023172
1043,2019-11-17 01:00:00,6.208080151152277,0.008233528051926097
1043,2019-11-17 09:00:00,35.30655540473681,0.04682567029805943
1043,2019-11-17 17:00:00,11.006640885584813,0.014597666957009037
1043,2019-11-18 01:00:00,2.494340699126017,0.0033081441632971044
1043,2019-11-18 09:00:00,26.24842692075743,0.034812237295434256
1043,2019-11-18 17:00:00,0.6212535231207781,0.0008239436646164165
1043,2019-11-19 01:00:00,0.0,0.0
1043,2019-11-19 09:00:00,24.353384417050076,0.0322989183250001
1043,2019-11-19 17:00:00,3.8280002833249327,0.0050769234526855875
1043,2019-11-20 01:00:00,0.8296452747142133,0.0011003252980294606
1043,2019-11-20 09:00:00,29.516414969360174,0.039146438951406064
1043,2019-11-20 17:00:00,6.550142621590661,0.008687191805823157
1043,2019-11-21 01:00:00,0.9706668555908706,0.0012873565724016852
1043,2019-11-21 09:00:00,28.092823220600543,0.037258386234218226
1043,2019-11-21 17:00:00,4.688510329141998,0.006218183460400528
1043,2019-11-22 01:00:00,0.0,0.0
1043,2019-11-22 09:00:00,26.967996767790922,0.03576657396258743
1043,2019-11-22 17:00:00,4.774764008939217,0.0063325782611925955
1043,2019-11-23 01:00:00,1.8147521052599593,0.0024068330308487525
1043,2019-11-23 09:00:00,33.03792546398853,0.04381687727319433
1043,2019-11-23 17:00:00,14.316208629184638,0.018987014097061855
1043,2019-11-24 01:00:00,12.76689810429311,0.016932225602510755
1043,2019-11-24 09:00:00,41.81252864440724,0.05545428202176026
1043,2019-11-24 17:00:00,17.447868171513406,0.02314040871553502
1043,2019-11-25 01:00:00,8.85930358583329,0.011749739503757678
1043,2019-11-25 09:00:00,32.526017448203135,0.043137954175335724
1043,2019-11-25 17:00:00,6.800800380579643,0.009019629151962392
1043,2019-11-26 01:00:00,1.1856476865200918,0.0015724770378250554
1043,2019-11-26 09:00:00,30.306697803611627,0.04019455942123558
1043,2019-11-26 17:00:00,9.654113360251978,0.012803863873013233
1050,2019-11-17 01:00:00,6.208080151152277,0.03135394015733473
1050,2019-11-17 09:00:00,35.30655540473681,0.17831593638755966
1050,2019-11-17 17:00:00,11.006640885584813,0.055589095381741484
1050,2019-11-18 01:00:00,2.494340699126017,0.012597680298616246
1050,2019-11-18 09:00:00,26.24842692075743,0.13256781273109813
1050,2019-11-18 17:00:00,0.6212535231207781,0.003137644056165546
1050,2019-11-19 01:00:00,0.0,0.0
1050,2019-11-19 09:00:00,24.353384417050076,0.1229968909952024
1050,2019-11-19 17:00:00,3.8280002833249327,0.019333334764267338
1050,2019-11-20 01:00:00,0.8296452747142133,0.004190127650071785
1050,2019-11-20 09:00:00,29.516414969360174,0.14907280287555644
1050,2019-11-20 17:00:00,6.550142621590661,0.03308152839187203
1050,2019-11-21 01:00:00,0.9706668555908706,0.004902357856519548
1050,2019-11-21 09:00:00,28.092823220600543,0.1418829455585886
1050,2019-11-21 17:00:00,4.688510329141998,0.023679345096676758
1050,2019-11-22 01:00:00,0.0,0.0
1050,2019-11-22 09:00:00,26.967996767790922,0.13620200387773193
1050,2019-11-22 17:00:00,4.774764008939217,0.024114969742117257
1050,2019-11-23 01:00:00,1.8147521052599593,0.009165414673030097
1050,2019-11-23 09:00:00,33.03792546398853,0.16685820941408347
1050,2019-11-23 17:00:00,14.316208629184638,0.072304083985781
1050,2019-11-24 01:00:00,12.76689810429311,0.06447928335501571
1050,2019-11-24 09:00:00,41.81252864440724,0.21117438709296585
1050,2019-11-24 17:00:00,17.447868171513406,0.08812054632077478
1050,2019-11-25 01:00:00,8.85930358583329,0.04474395750420854
1050,2019-11-25 09:00:00,32.526017448203135,0.16427281539496533
1050,2019-11-25 17:00:00,6.800800380579643,0.03434747666959416
1050,2019-11-26 01:00:00,1.1856476865200918,0.005988119628889352
1050,2019-11-26 09:00:00,30.306697803611627,0.15306413032127084
1050,2019-11-26 17:00:00,9.654113360251978,0.0487581482841009
1053,2019-11-17 01:00:00,6.208080151152277,0.005130644753018411
1053,2019-11-17 09:00:00,35.30655540473681,0.0291789714088734
1053,2019-11-17 17:00:00,11.006640885584813,0.009096397426103152
1053,2019-11-18 01:00:00,2.494340699126017,0.002061438594319022
1053,2019-11-18 09:00:00,26.24842692075743,0.02169291481054333
1053,2019-11-18 17:00:00,0.6212535231207781,0.0005134326637361802
1053,2019-11-19 01:00:00,0.0,0.0
1053,2019-11-19 09:00:00,24.353384417050076,0.02012676398103312
1053,2019-11-19 17:00:00,3.8280002833249327,0.0031636365977892006
1053,2019-11-20 01:00:00,0.8296452747142133,0.0006856572518299284
1053,2019-11-20 09:00:00,29.516414969360174,0.024393731379636508
1053,2019-11-20 17:00:00,6.550142621590661,0.005413341009579058
1053,2019-11-21 01:00:00,0.9706668555908706,0.000802204012885017
1053,2019-11-21 09:00:00,28.092823220600543,0.02321720927322359
1053,2019-11-21 17:00:00,4.688510329141998,0.0038748019249107424
1053,2019-11-22 01:00:00,0.0,0.0
1053,2019-11-22 09:00:00,26.967996767790922,0.02228760063453795
1053,2019-11-22 17:00:00,4.774764008939217,0.003946085957801005
1053,2019-11-23 01:00:00,1.8147521052599593,0.001499795128314016
1053,2019-11-23 09:00:00,33.03792546398853,0.027304070631395477
1053,2019-11-23 17:00:00,14.316208629184638,0.011831577379491436
1053,2019-11-24 01:00:00,12.76689810429311,0.01055115545809348
1053,2019-11-24 09:00:00,41.81252864440724,0.034555808797030775
1053,2019-11-24 17:00:00,17.447868171513406,0.014419725761581327
1053,2019-11-25 01:00:00,8.85930358583329,0.00732173850068867
1053,2019-11-25 09:00:00,32.526017448203135,0.02688100615553978
1053,2019-11-25 17:00:00,6.800800380579643,0.005620496182297226
1053,2019-11-26 01:00:00,1.1856476865200918,0.000979874121090985
1053,2019-11-26 09:00:00,30.306697803611627,0.025046857688935227
1053,2019-11-26 17:00:00,9.654113360251978,0.007978606082852875
1121,2019-11-17 01:00:00,6.208080151152277,0.004105873115841453
1121,2019-11-17 09:00:00,35.30655540473681,0.02335089643170424
1121,2019-11-17 17:00:00,11.006640885584813,0.0072795243952280516
1121,2019-11-18 01:00:00,2.494340699126017,0.001649696229580699
1121,2019-11-18 09:00:00,26.24842692075743,0.017360070714786662
1121,2019-11-18 17:00:00,0.6212535231207781,0.00041088195973596435
1121,2019-11-19 01:00:00,0.0,0.0
1121,2019-11-19 09:00:00,24.353384417050076,0.01610673572556222
1121,2019-11-19 17:00:00,3.8280002833249327,0.0025317462191302466
1121,2019-11-20 01:00:00,0.8296452747142133,0.0005487071922713052
1121,2019-11-20 09:00:00,29.516414969360174,0.019521438471799057
1121,2019-11-20 17:00:00,6.550142621590661,0.004332104908459432
1121,2019-11-21 01:00:00,0.9706668555908706,0.0006419754335918456
1121,2019-11-21 09:00:00,28.092823220600543,0.01857990953743422
1121,2019-11-21 17:00:00,4.688510329141998,0.003100866619802909
1121,2019-11-22 01:00:00,0.0,0.0
1121,2019-11-22 09:00:00,26.967996767790922,0.01783597669827442
1121,2019-11-22 17:00:00,4.774764008939217,0.003157912704324879
1121,2019-11-23 01:00:00,1.8147521052599593,0.0012002328738491795
1121,2019-11-23 09:00:00,33.03792546398853,0.021850479804225217
1121,2019-11-23 17:00:00,14.316208629184638,0.009468391950518941
1121,2019-11-24 01:00:00,12.76689810429311,0.008443715677442534
1121,2019-11-24 09:00:00,41.81252864440724,0.027653788785983624
1121,2019-11-24 17:00:00,17.447868171513406,0.01153959535153003
1121,2019-11-25 01:00:00,8.85930358583329,0.005859327768408261
1121,2019-11-25 09:00:00,32.526017448203135,0.02151191630172165
1121,2019-11-25 17:00:00,6.800800380579643,0.004497883849589711
1121,2019-11-26 01:00:00,1.1856476865200918,0.0007841585228307485
1121,2019-11-26 09:00:00,30.306697803611627,0.020044112303975944
1121,2019-11-26 17:00:00,9.654113360251978,0.006384995608632261
1118,2019-11-17 01:00:00,6.208080151152277,0.009791924528631353
1118,2019-11-17 09:00:00,35.30655540473681,0.05568857319359119
1118,2019-11-17 17:00:00,11.006640885584813,0.017360632311647972
1118,2019-11-18 01:00:00,2.494340699126017,0.003934291323542613
1118,2019-11-18 09:00:00,26.24842692075743,0.04140130429141551
1118,2019-11-18 17:00:00,0.6212535231207781,0.0009798951468781988
1118,2019-11-19 01:00:00,0.0,0.0
1118,2019-11-19 09:00:00,24.353384417050076,0.03841227826033135
1118,2019-11-19 17:00:00,3.8280002833249327,0.006037855336474657
1118,2019-11-20 01:00:00,0.8296452747142133,0.0013085887613788854
1118,2019-11-20 09:00:00,29.516414969360174,0.046555859573123304
1118,2019-11-20 17:00:00,6.550142621590661,0.010331455239101988
1118,2019-11-21 01:00:00,0.9706668555908706,0.0015310202769572092
1118,2019-11-21 09:00:00,28.092823220600543,0.04431044672019013
1118,2019-11-21 17:00:00,4.688510329141998,0.0073951267021167165
1118,2019-11-22 01:00:00,0.0,0.0
1118,2019-11-22 09:00:00,26.967996767790922,0.04253627250440208
1118,2019-11-22 17:00:00,4.774764008939217,0.007531173515676998
1118,2019-11-23 01:00:00,1.8147521052599593,0.0028623850240693366
1118,2019-11-23 09:00:00,33.03792546398853,0.052110292529950364
1118,2019-11-23 17:00:00,14.316208629184638,0.022580770708493122
1118,2019-11-24 01:00:00,12.76689810429311,0.020137063255982825
1118,2019-11-24 09:00:00,41.81252864440724,0.0659503606378663
1118,2019-11-24 17:00:00,17.447868171513406,0.02752029680049433
1118,2019-11-25 01:00:00,8.85930358583329,0.013973664961882161
1118,2019-11-25 09:00:00,32.526017448203135,0.051302866637544374
1118,2019-11-25 17:00:00,6.800800380579643,0.010726814480409531
1118,2019-11-26 01:00:00,1.1856476865200918,0.0018701067610727
1118,2019-11-26 09:00:00,30.306697803611627,0.047802362466264396
1118,2019-11-26 17:00:00,9.654113360251978,0.015227308139198703
1031,2019-11-17 01:00:00,6.208080151152277,0.010094439270166304
1031,2019-11-17 09:00:00,35.30655540473681,0.05740903317843384
1031,2019-11-17 17:00:00,11.006640885584813,0.017896977049731404
1031,2019-11-18 01:00:00,2.494340699126017,0.004055838535164255
1031,2019-11-18 09:00:00,26.24842692075743,0.042680368976841354
1031,2019-11-18 17:00:00,0.6212535231207781,0.0010101683302776879
1031,2019-11-19 01:00:00,0.0,0.0
1031,2019-11-19 09:00:00,24.353384417050076,0.03959899905211395
1031,2019-11-19 17:00:00,3.8280002833249327,0.006224390704593387
1031,2019-11-20 01:00:00,0.8296452747142133,0.0013490167068523793
1031,2019-11-20 09:00:00,29.516414969360174,0.04799417068188646
1031,2019-11-20 17:00:00,6.550142621590661,0.010650638409090505
1031,2019-11-21 01:00:00,0.9706668555908706,0.0015783200903916595
1031,2019-11-21 09:00:00,28.092823220600543,0.04567938735056999
1031,2019-11-21 17:00:00,4.688510329141998,0.0076235940311252
1031,2019-11-22 01:00:00,0.0,0.0
1031,2019-11-22 09:00:00,26.967996767790922,0.04385040124844052
1031,2019-11-22 17:00:00,4.774764008939217,0.007763843916974336
1031,2019-11-23 01:00:00,1.8147521052599593,0.002950816431317007
1031,2019-11-23 09:00:00,33.03792546398853,0.05372020400648541
1031,2019-11-23 17:00:00,14.316208629184638,0.02327838801493437
1031,2019-11-24 01:00:00,12.76689810429311,0.020759183909419693
1031,2019-11-24 09:00:00,41.81252864440724,0.06798785145432071
1031,2019-11-24 17:00:00,17.447868171513406,0.028370517352054318
1031,2019-11-25 01:00:00,8.85930358583329,0.014405371684281772
1031,2019-11-25 09:00:00,32.526017448203135,0.05288783324911079
1031,2019-11-25 17:00:00,6.800800380579643,0.01105821200094251
1031,2019-11-26 01:00:00,1.1856476865200918,0.0019278824171058402
1031,2019-11-26 09:00:00,30.306697803611627,0.04927918342050671
1031,2019-11-26 17:00:00,9.654113360251978,0.01569774530122273
1206,2019-11-17 01:00:00,6.208080151152277,0.02463523869504872
1206,2019-11-17 09:00:00,35.30655540473681,0.14010537859022545
1206,2019-11-17 17:00:00,11.006640885584813,0.043677146371368304
1206,2019-11-18 01:00:00,2.494340699126017,0.009898177377484194
1206,2019-11-18 09:00:00,26.24842692075743,0.10416042428871997
1206,2019-11-18 17:00:00,0.6212535231207781,0.002465291758415786
1206,2019-11-19 01:00:00,0.0,0.0
1206,2019-11-19 09:00:00,24.353384417050076,0.09664041435337332
1206,2019-11-19 17:00:00,3.8280002833249327,0.01519047731478148
1206,2019-11-20 01:00:00,0.8296452747142133,0.0032922431536278308
1206,2019-11-20 09:00:00,29.516414969360174,0.11712863083079433
1206,2019-11-20 17:00:00,6.550142621590661,0.02599262945075659
1206,2019-11-21 01:00:00,0.9706668555908706,0.003851852601551074
1206,2019-11-21 09:00:00,28.092823220600543,0.11147945722460532
1206,2019-11-21 17:00:00,4.688510329141998,0.018605199718817453
1206,2019-11-22 01:00:00,0.0,0.0
1206,2019-11-22 09:00:00,26.967996767790922,0.10701586018964651
1206,2019-11-22 17:00:00,4.774764008939217,0.01894747622594927
1206,2019-11-23 01:00:00,1.8147521052599593,0.007201397243095077
1206,2019-11-23 09:00:00,33.03792546398853,0.1311028788253513
1206,2019-11-23 17:00:00,14.316208629184638,0.056810351703113646
1206,2019-11-24 01:00:00,12.76689810429311,0.0506622940646552
1206,2019-11-24 09:00:00,41.81252864440724,0.16592273271590174
1206,2019-11-24 17:00:00,17.447868171513406,0.06923757210918018
1206,2019-11-25 01:00:00,8.85930358583329,0.03515596661044956
1206,2019-11-25 09:00:00,32.526017448203135,0.1290714978103299
1206,2019-11-25 17:00:00,6.800800380579643,0.026987303097538266
1206,2019-11-26 01:00:00,1.1856476865200918,0.004704951136984491
1206,2019-11-26 09:00:00,30.306697803611627,0.12026467382385567
1206,2019-11-26 17:00:00,9.654113360251978,0.03830997365179357
1181,2019-11-17 01:00:00,6.208080151152277,0.05748222362178034
1181,2019-11-17 09:00:00,35.30655540473681,0.3269125500438594
1181,2019-11-17 17:00:00,11.006640885584813,0.10191334153319272
1181,2019-11-18 01:00:00,2.494340699126017,0.023095747214129787
1181,2019-11-18 09:00:00,26.24842692075743,0.24304099000701326
1181,2019-11-18 17:00:00,0.6212535231207781,0.005752347436303501
1181,2019-11-19 01:00:00,0.0,0.0
1181,2019-11-19 09:00:00,24.353384417050076,0.22549430015787109
1181,2019-11-19 17:00:00,3.8280002833249327,0.03544444706782345
1181,2019-11-20 01:00:00,0.8296452747142133,0.007681900691798272
1181,2019-11-20 09:00:00,29.516414969360174,0.2733001386051868
1181,2019-11-20 17:00:00,6.550142621590661,0.06064946871843205
1181,2019-11-21 01:00:00,0.9706668555908706,0.00898765607028584
1181,2019-11-21 09:00:00,28.092823220600543,0.2601187335240791
1181,2019-11-21 17:00:00,4.688510329141998,0.04341213267724072
1181,2019-11-22 01:00:00,0.0,0.0
1181,2019-11-22 09:00:00,26.967996767790922,0.24970367377584188
1181,2019-11-22 17:00:00,4.774764008939217,0.044210777860548306
1181,2019-11-23 01:00:00,1.8147521052599593,0.016803260233888513
1181,2019-11-23 09:00:00,33.03792546398853,0.305906717259153
1181,2019-11-23 17:00:00,14.316208629184638,0.13255748730726516
1181,2019-11-24 01:00:00,12.76689810429311,0.11821201948419546
1181,2019-11-24 09:00:00,41.81252864440724,0.38715304300377074
1181,2019-11-24 17:00:00,17.447868171513406,0.16155433492142043
1181,2019-11-25 01:00:00,8.85930358583329,0.08203058875771564
1181,2019-11-25 09:00:00,32.526017448203135,0.3011668282241031
1181,2019-11-25 17:00:00,6.800800380579643,0.06297037389425596
1181,2019-11-26 01:00:00,1.1856476865200918,0.01097821931963048
1181,2019-11-26 09:00:00,30.306697803611627,0.2806175722556632
1181,2019-11-26 17:00:00,9.654113360251978,0.08938993852085166
1099,2019-11-17 01:00:00,6.208080151152277,0.017389580255328507
1099,2019-11-17 09:00:00,35.30655540473681,0.09889791429898266
1099,2019-11-17 17:00:00,11.006640885584813,0.030830926850377628
1099,2019-11-18 01:00:00,2.494340699126017,0.006986948737047667
1099,2019-11-18 09:00:00,26.24842692075743,0.07352500538027291
1099,2019-11-18 17:00:00,0.6212535231207781,0.0017402059471170255
1099,2019-11-19 01:00:00,0.0,0.0
1099,2019-11-19 09:00:00,24.353384417050076,0.06821676307296941
1099,2019-11-19 17:00:00,3.8280002833249327,0.010722689869257514
1099,2019-11-20 01:00:00,0.8296452747142133,0.002323936343737292
1099,2019-11-20 09:00:00,29.516414969360174,0.08267903352761953
1099,2019-11-20 17:00:00,6.550142621590661,0.01834773843582818
1099,2019-11-21 01:00:00,0.9706668555908706,0.002718954777565464
1099,2019-11-21 09:00:00,28.092823220600543,0.07869138157030965
1099,2019-11-21 17:00:00,4.688510329141998,0.013133082154459378
1099,2019-11-22 01:00:00,0.0,0.0
1099,2019-11-22 09:00:00,26.967996767790922,0.07554060719269166
1099,2019-11-22 17:00:00,4.774764008939217,0.013374689100670075
1099,2019-11-23 01:00:00,1.8147521052599593,0.005083339230420054
1099,2019-11-23 09:00:00,33.03792546398853,0.09254320858260093
1099,2019-11-23 17:00:00,14.316208629184638,0.04010142473160963
1099,2019-11-24 01:00:00,12.76689810429311,0.03576161933975661
1099,2019-11-24 09:00:00,41.81252864440724,0.11712192897593064
1099,2019-11-24 17:00:00,17.447868171513406,0.04887358031236248
1099,2019-11-25 01:00:00,8.85930358583329,0.024815976430905575
1099,2019-11-25 09:00:00,32.526017448203135,0.09110929257199758
1099,2019-11-25 17:00:00,6.800800380579643,0.019049861010027012
1099,2019-11-26 01:00:00,1.1856476865200918,0.0033211419790478763
1099,2019-11-26 09:00:00,30.306697803611627,0.08489271093448635
1099,2019-11-26 17:00:00,9.654113360251978,0.027042334342442517
1225,2019-11-17 01:00:00,6.208080151152277,0.07959077116861894
1225,2019-11-17 09:00:00,35.30655540473681,0.4526481462145745
1225,2019-11-17 17:00:00,11.006640885584813,0.1411107805844207
1225,2019-11-18 01:00:00,2.494340699126017,0.031978726911872014
1225,2019-11-18 09:00:00,26.24842692075743,0.3365182938558645
1225,2019-11-18 17:00:00,0.6212535231207781,0.007964788757958693
1225,2019-11-19 01:00:00,0.0,0.0
1225,2019-11-19 09:00:00,24.353384417050076,0.31222287714166763
1225,2019-11-19 17:00:00,3.8280002833249327,0.04907692670929401
1225,2019-11-20 01:00:00,0.8296452747142133,0.010636477880951452
1225,2019-11-20 09:00:00,29.516414969360174,0.37841557653025865
1225,2019-11-20 17:00:00,6.550142621590661,0.08397618745629053
1225,2019-11-21 01:00:00,0.9706668555908706,0.012444446866549623
1225,2019-11-21 09:00:00,28.092823220600543,0.3601644002641095
1225,2019-11-21 17:00:00,4.688510329141998,0.06010910678387177
1225,2019-11-22 01:00:00,0.0,0.0
1225,2019-11-22 09:00:00,26.967996767790922,0.3457435483050118
1225,2019-11-22 17:00:00,4.774764008939217,0.06121492319152842
1225,2019-11-23 01:00:00,1.8147521052599593,0.02326605263153794
1225,2019-11-23 09:00:00,33.03792546398853,0.42356314697421193
1225,2019-11-23 17:00:00,14.316208629184638,0.18354113627159793
1225,2019-11-24 01:00:00,12.76689810429311,0.16367818082427066
1225,2019-11-24 09:00:00,41.81252864440724,0.5360580595436826
1225,2019-11-24 17:00:00,17.447868171513406,0.2236906175835052
1225,2019-11-25 01:00:00,8.85930358583329,0.1135808152029909
1225,2019-11-25 09:00:00,32.526017448203135,0.41700022369491196
1225,2019-11-25 17:00:00,6.800800380579643,0.08718974846896978
1225,2019-11-26 01:00:00,1.1856476865200918,0.015200611365642202
1225,2019-11-26 09:00:00,30.306697803611627,0.3885474077386106
1225,2019-11-26 17:00:00,9.654113360251978,0.12377068410579459
930,2019-11-17 01:00:00,6.208080151152277,0.027964325005190437
930,2019-11-17 09:00:00,35.30655540473681,0.15903853785917482
930,2019-11-17 17:00:00,11.006640885584813,0.04957946344858024
930,2019-11-18 01:00:00,2.494340699126017,0.011235768914982057
930,2019-11-18 09:00:00,26.24842692075743,0.11823615730070915
930,2019-11-18 17:00:00,0.6212535231207781,0.002798439293336838
930,2019-11-19 01:00:00,0.0,0.0
930,2019-11-19 09:00:00,24.353384417050076,0.10969992980653187
930,2019-11-19 17:00:00,3.8280002833249327,0.017243244519481678
930,2019-11-20 01:00:00,0.8296452747142133,0.003737140877091051
930,2019-11-20 09:00:00,29.516414969360174,0.13295682418630708
930,2019-11-20 17:00:00,6.550142621590661,0.029505146944102077
930,2019-11-21 01:00:00,0.9706668555908706,0.0043723732233823
930,2019-11-21 09:00:00,28.092823220600543,0.12654424874144388
930,2019-11-21 17:00:00,4.688510329141998,0.021119415897036028
930,2019-11-22 01:00:00,0.0,0.0
930,2019-11-22 09:00:00,26.967996767790922,0.12147746291797712
930,2019-11-22 17:00:00,4.774764008939217,0.02150794598621269
930,2019-11-23 01:00:00,1.8147521052599593,0.00817455903270252
930,2019-11-23 09:00:00,33.03792546398853,0.1488194840720204
930,2019-11-23 17:00:00,14.316208629184638,0.06448742625758846
930,2019-11-24 01:00:00,12.76689810429311,0.057508550019338335
930,2019-11-24 09:00:00,41.81252864440724,0.18834472362345603
930,2019-11-24 17:00:00,17.447868171513406,0.07859400077258291
930,2019-11-25 01:00:00,8.85930358583329,0.03990677290915896
930,2019-11-25 09:00:00,32.526017448203135,0.14651359210902312
930,2019-11-25 17:00:00,6.800800380579643,0.03063423594855695
930,2019-11-26 01:00:00,1.1856476865200918,0.005340755344685098
930,2019-11-26 09:00:00,30.306697803611627,0.13651665677302535
930,2019-11-26 17:00:00,9.654113360251978,0.04348699711825215
1169,2019-11-17 01:00:00,6.208080151152277,0.014676312414071578
1169,2019-11-17 09:00:00,35.30655540473681,0.08346703405375133
1169,2019-11-17 17:00:00,11.006640885584813,0.02602042762549601
1169,2019-11-18 01:00:00,2.494340699126017,0.005896786522756541
1169,2019-11-18 09:00:00,26.24842692075743,0.06205301872519487
1169,2019-11-18 17:00:00,0.6212535231207781,0.0014686844518221704
1169,2019-11-19 01:00:00,0.0,0.0
1169,2019-11-19 09:00:00,24.353384417050076,0.05757301280626496
1169,2019-11-19 17:00:00,3.8280002833249327,0.009049646059869817
1169,2019-11-20 01:00:00,0.8296452747142133,0.001961336346842112
1169,2019-11-20 09:00:00,29.516414969360174,0.06977875879281364
1169,2019-11-20 17:00:00,6.550142621590661,0.015484970736620947
1169,2019-11-21 01:00:00,0.9706668555908706,0.0022947206987963846
1169,2019-11-21 09:00:00,28.092823220600543,0.06641329366572232
1169,2019-11-21 17:00:00,4.688510329141998,0.011083948768657205
1169,2019-11-22 01:00:00,0.0,0.0
1169,2019-11-22 09:00:00,26.967996767790922,0.06375412947468304
1169,2019-11-22 17:00:00,4.774764008939217,0.01128785817716127
1169,2019-11-23 01:00:00,1.8147521052599593,0.004290194102269407
1169,2019-11-23 09:00:00,33.03792546398853,0.0781038427044646
1169,2019-11-23 17:00:00,14.316208629184638,0.03384446484440813
1169,2019-11-24 01:00:00,12.76689810429311,0.030181792208730757
1169,2019-11-24 09:00:00,41.81252864440724,0.09884758544777125
1169,2019-11-24 17:00:00,17.447868171513406,0.041247915299086065
1169,2019-11-25 01:00:00,8.85930358583329,0.02094398010835293
1169,2019-11-25 09:00:00,32.526017448203135,0.07689365826998378
1169,2019-11-25 17:00:00,6.800800380579643,0.016077542270873862
1169,2019-11-26 01:00:00,1.1856476865200918,0.0028029496135226757
1169,2019-11-26 09:00:00,30.306697803611627,0.07164703972485018
1169,2019-11-26 17:00:00,9.654113360251978,0.02282296302660042
1243,2019-11-17 01:00:00,6.208080151152277,0.059124572868116926
1243,2019-11-17 09:00:00,35.30655540473681,0.33625290861654106
1243,2019-11-17 17:00:00,11.006640885584813,0.10482515129128393
1243,2019-11-18 01:00:00,2.494340699126017,0.023755625705962066
1243,2019-11-18 09:00:00,26.24842692075743,0.2499850182929279
1243,2019-11-18 17:00:00,0.6212535231207781,0.005916700220197886
1243,2019-11-19 01:00:00,0.0,0.0
1243,2019-11-19 09:00:00,24.353384417050076,0.23193699444809596
1243,2019-11-19 17:00:00,3.8280002833249327,0.03645714555547555
1243,2019-11-20 01:00:00,0.8296452747142133,0.007901383568706793
1243,2019-11-20 09:00:00,29.516414969360174,0.2811087139939064
1243,2019-11-20 17:00:00,6.550142621590661,0.062382310681815815
1243,2019-11-21 01:00:00,0.9706668555908706,0.009244446243722577
1243,2019-11-21 09:00:00,28.092823220600543,0.2675506973390528
1243,2019-11-21 17:00:00,4.688510329141998,0.044652479325161885
1243,2019-11-22 01:00:00,0.0,0.0
1243,2019-11-22 09:00:00,26.967996767790922,0.2568380644551516
1243,2019-11-22 17:00:00,4.774764008939217,0.04547394294227825
1243,2019-11-23 01:00:00,1.8147521052599593,0.017283353383428183
1243,2019-11-23 09:00:00,33.03792546398853,0.31464690918084315
1243,2019-11-23 17:00:00,14.316208629184638,0.13634484408747274
1243,2019-11-24 01:00:00,12.76689810429311,0.12158950575517248
1243,2019-11-24 09:00:00,41.81252864440724,0.3982145585181642
1243,2019-11-24 17:00:00,17.447868171513406,0.16617017306203244
1243,2019-11-25 01:00:00,8.85930358583329,0.08437431986507896
1243,2019-11-25 09:00:00,32.526017448203135,0.30977159474479177
1243,2019-11-25 17:00:00,6.800800380579643,0.06476952743409184
1243,2019-11-26 01:00:00,1.1856476865200918,0.011291882728762779
1243,2019-11-26 09:00:00,30.306697803611627,0.2886352171772536
1243,2019-11-26 17:00:00,9.654113360251978,0.09194393676430455
1246,2019-11-17 01:00:00,6.208080151152277,0.008504219385140106
1246,2019-11-17 09:00:00,35.30655540473681,0.04836514439005043
1246,2019-11-17 17:00:00,11.006640885584813,0.015077590254225772
1246,2019-11-18 01:00:00,2.494340699126017,0.0034169050672959137
1246,2019-11-18 09:00:00,26.24842692075743,0.03595674920651703
1246,2019-11-18 17:00:00,0.6212535231207781,0.0008510322234531206
1246,2019-11-19 01:00:00,0.0,0.0
1246,2019-11-19 09:00:00,24.353384417050076,0.033360800571301474
1246,2019-11-19 17:00:00,3.8280002833249327,0.005243836004554702
1246,2019-11-20 01:00:00,0.8296452747142133,0.0011365003763208403
1246,2019-11-20 09:00:00,29.516414969360174,0.04043344516350709
1246,2019-11-20 17:00:00,6.550142621590661,0.008972798111768028
1246,2019-11-21 01:00:00,0.9706668555908706,0.001329680624097083
1246,2019-11-21 09:00:00,28.092823220600543,0.03848331948027472
1246,2019-11-21 17:00:00,4.688510329141998,0.006422616889235614
1246,2019-11-22 01:00:00,0.0,0.0
1246,2019-11-22 09:00:00,26.967996767790922,0.036942461325740986
1246,2019-11-22 17:00:00,4.774764008939217,0.006540772614985229
1246,2019-11-23 01:00:00,1.8147521052599593,0.0024859617880273414
1246,2019-11-23 09:00:00,33.03792546398853,0.04525743214245004
1246,2019-11-23 17:00:00,14.316208629184638,0.019611244697513203
1246,2019-11-24 01:00:00,12.76689810429311,0.01748890151273029
1246,2019-11-24 09:00:00,41.81252864440724,0.057277436499188
1246,2019-11-24 17:00:00,17.447868171513406,0.023901189276045762
1246,2019-11-25 01:00:00,8.85930358583329,0.01213603230936067
1246,2019-11-25 09:00:00,32.526017448203135,0.044556188285209776
1246,2019-11-25 17:00:00,6.800800380579643,0.00931616490490362
1246,2019-11-26 01:00:00,1.1856476865200918,0.0016241749130412216
1246,2019-11-26 09:00:00,30.306697803611627,0.04151602438850908
1246,2019-11-26 17:00:00,9.654113360251978,0.013224812822262984
1139,2019-11-17 01:00:00,6.208080151152277,0.031673878322205494
1139,2019-11-17 09:00:00,35.30655540473681,0.1801354867588613
1139,2019-11-17 17:00:00,11.006640885584813,0.05615633104890211
1139,2019-11-18 01:00:00,2.494340699126017,0.012726228056765392
1139,2019-11-18 09:00:00,26.24842692075743,0.13392054551406854
1139,2019-11-18 17:00:00,0.6212535231207781,0.003169660832248868
1139,2019-11-19 01:00:00,0.0,0.0
1139,2019-11-19 09:00:00,24.353384417050076,0.12425196131147997
1139,2019-11-19 17:00:00,3.8280002833249327,0.01953061369043333
1139,2019-11-20 01:00:00,0.8296452747142133,0.004232884054664354
1139,2019-11-20 09:00:00,29.516414969360174,0.150593953925307
1139,2019-11-20 17:00:00,6.550142621590661,0.033419095008115615
1139,2019-11-21 01:00:00,0.9706668555908706,0.004952381916279953
1139,2019-11-21 09:00:00,28.092823220600543,0.1433307307173497
1139,2019-11-21 17:00:00,4.688510329141998,0.02392097106705101
1139,2019-11-22 01:00:00,0.0,0.0
1139,2019-11-22 09:00:00,26.967996767790922,0.13759182024383124
1139,2019-11-22 17:00:00,4.774764008939217,0.024361040861934777
1139,2019-11-23 01:00:00,1.8147521052599593,0.009258939312550812
1139,2019-11-23 09:00:00,33.03792546398853,0.16856084420402312
1139,2019-11-23 17:00:00,14.316208629184638,0.07304188076114611
1139,2019-11-24 01:00:00,12.76689810429311,0.06513723522598526
1139,2019-11-24 09:00:00,41.81252864440724,0.21332922777758795
1139,2019-11-24 17:00:00,17.447868171513406,0.08901973556894595
1139,2019-11-25 01:00:00,8.85930358583329,0.04520052849914944
1139,2019-11-25 09:00:00,32.526017448203135,0.1659490686132813
1139,2019-11-25 17:00:00,6.800800380579643,0.034697961125406344
1139,2019-11-26 01:00:00,1.1856476865200918,0.006049222890408631
1139,2019-11-26 09:00:00,30.306697803611627,0.15462600920210012
1139,2019-11-26 17:00:00,9.654113360251978,0.04925568040944887
1274,2019-11-17 01:00:00,6.208080151152277,0.020421316286685122
1274,2019-11-17 09:00:00,35.30655540473681,0.11613998488400268
1274,2019-11-17 17:00:00,11.006640885584813,0.03620605554468689
1274,2019-11-18 01:00:00,2.494340699126017,0.008205068089230319
1274,2019-11-18 09:00:00,26.24842692075743,0.0863435096077547
1274,2019-11-18 17:00:00,0.6212535231207781,0.0020435971155288754
1274,2019-11-19 01:00:00,0.0,0.0
1274,2019-11-19 09:00:00,24.353384417050076,0.08010981716134893
1274,2019-11-19 17:00:00,3.8280002833249327,0.012592106195147805
1274,2019-11-20 01:00:00,0.8296452747142133,0.0027290962984020174
1274,2019-11-20 09:00:00,29.516414969360174,0.09709347029394794
1274,2019-11-20 17:00:00,6.550142621590661,0.021546521781548228
1274,2019-11-21 01:00:00,0.9706668555908706,0.003192983077601548
1274,2019-11-21 09:00:00,28.092823220600543,0.0924106026993439
1274,2019-11-21 17:00:00,4.688510329141998,0.015422731345861836
1274,2019-11-22 01:00:00,0.0,0.0
1274,2019-11-22 09:00:00,26.967996767790922,0.08871051568352277
1274,2019-11-22 17:00:00,4.774764008939217,0.015706460555721106
1274,2019-11-23 01:00:00,1.8147521052599593,0.005969579293618288
1274,2019-11-23 09:00:00,33.03792546398853,0.10867738639469911
1274,2019-11-23 17:00:00,14.316208629184638,0.04709279154337052
1274,2019-11-24 01:00:00,12.76689810429311,0.04199637534306944
1274,2019-11-24 09:00:00,41.81252864440724,0.13754121264607644
1274,2019-11-24 17:00:00,17.447868171513406,0.057394303195767785
1274,2019-11-25 01:00:00,8.85930358583329,0.02914244600603056
1274,2019-11-25 09:00:00,32.526017448203135,0.10699347844803662
1274,2019-11-25 17:00:00,6.800800380579643,0.02237105388348567
1274,2019-11-26 01:00:00,1.1856476865200918,0.0039001568635529337
1274,2019-11-26 09:00:00,30.306697803611627,0.0996930848803014
1274,2019-11-26 17:00:00,9.654113360251978,0.03175695184293414
1244,2019-11-17 01:00:00,6.208080151152277,0.08062441754743217
1244,2019-11-17 09:00:00,35.30655540473681,0.45852669356801057
1244,2019-11-17 17:00:00,11.006640885584813,0.1429433881244781
1244,2019-11-18 01:00:00,2.494340699126017,0.03239403505358463
1244,2019-11-18 09:00:00,26.24842692075743,0.34088866130853807
1244,2019-11-18 17:00:00,0.6212535231207781,0.008068227572997117
1244,2019-11-19 01:00:00,0.0,0.0
1244,2019-11-19 09:00:00,24.353384417050076,0.31627771970194907
1244,2019-11-19 17:00:00,3.8280002833249327,0.0497142893938303
1244,2019-11-20 01:00:00,0.8296452747142133,0.010774613957327445
1244,2019-11-20 09:00:00,29.516414969360174,0.38333006453714513
1244,2019-11-20 17:00:00,6.550142621590661,0.08506678729338521
1244,2019-11-21 01:00:00,0.9706668555908706,0.012606063059621697
1244,2019-11-21 09:00:00,28.092823220600543,0.3648418600077993
1244,2019-11-21 17:00:00,4.688510329141998,0.06088974453431166
1244,2019-11-22 01:00:00,0.0,0.0
1244,2019-11-22 09:00:00,26.967996767790922,0.350233724257025
1244,2019-11-22 17:00:00,4.774764008939217,0.0620099221940158
1244,2019-11-23 01:00:00,1.8147521052599593,0.02356820915922025
1244,2019-11-23 09:00:00,33.03792546398853,0.4290639670647861
1244,2019-11-23 17:00:00,14.316208629184638,0.1859247873920083
1244,2019-11-24 01:00:00,12.76689810429311,0.1658038714843261
1244,2019-11-24 09:00:00,41.81252864440724,0.5430198525247694
1244,2019-11-24 17:00:00,17.447868171513406,0.22659569053913514
1244,2019-11-25 01:00:00,8.85930358583329,0.11505589072510766
1244,2019-11-25 09:00:00,32.526017448203135,0.42241581101562514
1244,2019-11-25 17:00:00,6.800800380579643,0.08832208286467069
1244,2019-11-26 01:00:00,1.1856476865200918,0.015398021902858335
1244,2019-11-26 09:00:00,30.306697803611627,0.39359347796898214
1244,2019-11-26 17:00:00,9.654113360251978,0.12537809558768803
1275,2019-11-17 01:00:00,6.208080151152277,0.004812465233451377
1275,2019-11-17 09:00:00,35.30655540473681,0.027369422794369623
1275,2019-11-17 17:00:00,11.006640885584813,0.008532279756267297
1275,2019-11-18 01:00:00,2.494340699126017,0.0019335974411829589
1275,2019-11-18 09:00:00,26.24842692075743,0.020347617768029017
1275,2019-11-18 17:00:00,0.6212535231207781,0.0004815918783882001
1275,2019-11-19 01:00:00,0.0,0.0
1275,2019-11-19 09:00:00,24.353384417050076,0.01887859257135665
1275,2019-11-19 17:00:00,3.8280002833249327,0.002967442080096847
1275,2019-11-20 01:00:00,0.8296452747142133,0.0006431358718714832
1275,2019-11-20 09:00:00,29.516414969360174,0.02288094183671331
1275,2019-11-20 17:00:00,6.550142621590661,0.005077629939217567
1275,2019-11-21 01:00:00,0.9706668555908706,0.0007524549268146284
1275,2019-11-21 09:00:00,28.092823220600543,0.02177738234155081
1275,2019-11-21 17:00:00,4.688510329141998,0.0036345041311178277
1275,2019-11-22 01:00:00,0.0,0.0
1275,2019-11-22 09:00:00,26.967996767790922,0.020905423851000714
1275,2019-11-22 17:00:00,4.774764008939217,0.0037013674487900903
1275,2019-11-23 01:00:00,1.8147521052599593,0.0014067845777208988
1275,2019-11-23 09:00:00,33.03792546398853,0.02561079493332444
1275,2019-11-23 17:00:00,14.316208629184638,0.011097836146654758
1275,2019-11-24 01:00:00,12.76689810429311,0.009896820235886132
1275,2019-11-24 09:00:00,41.81252864440724,0.032412812902641266
1275,2019-11-24 17:00:00,17.447868171513406,0.01352547920272357
1275,2019-11-25 01:00:00,8.85930358583329,0.00686767719832038
1275,2019-11-25 09:00:00,32.526017448203135,0.025213967014110956
1275,2019-11-25 17:00:00,6.800800380579643,0.0052719382795191035
1275,2019-11-26 01:00:00,1.1856476865200918,0.0009191067337365053
1275,2019-11-26 09:00:00,30.306697803611627,0.02349356418884622
1275,2019-11-26 17:00:00,9.654113360251978,0.007483808806396882
1288,2019-11-17 01:00:00,6.208080151152277,0.010504365737990316
1288,2019-11-17 09:00:00,35.30655540473681,0.059740364475019986
1288,2019-11-17 17:00:00,11.006640885584813,0.018623757843629126
1288,2019-11-18 01:00:00,2.494340699126017,0.0042205426381150875
1288,2019-11-18 09:00:00,26.24842692075743,0.04441358193021562
1288,2019-11-18 17:00:00,0.6212535231207781,0.0010511903944514013
1288,2019-11-19 01:00:00,0.0,0.0
1288,2019-11-19 09:00:00,24.353384417050076,0.041207080231895225
1288,2019-11-19 17:00:00,3.8280002833249327,0.006477157839805301
1288,2019-11-20 01:00:00,0.8296452747142133,0.0014037991111915623
1288,2019-11-20 09:00:00,29.516414969360174,0.04994317253698845
1288,2019-11-20 17:00:00,6.550142621590661,0.01108315164397743
1288,2019-11-21 01:00:00,0.9706668555908706,0.0016424143072603563
1288,2019-11-21 09:00:00,28.092823220600543,0.04753438785211598
1288,2019-11-21 17:00:00,4.688510329141998,0.007933181605993229
1288,2019-11-22 01:00:00,0.0,0.0
1288,2019-11-22 09:00:00,26.967996767790922,0.04563112820269191
1288,2019-11-22 17:00:00,4.774764008939217,0.008079126918678878
1288,2019-11-23 01:00:00,1.8147521052599593,0.0030706465402029768
1288,2019-11-23 09:00:00,33.03792546398853,0.05590173513365233
1288,2019-11-23 17:00:00,14.316208629184638,0.02422370326427181
1288,2019-11-24 01:00:00,12.76689810429311,0.021602196453964655
1288,2019-11-24 09:00:00,41.81252864440724,0.07074877943216115
1288,2019-11-24 17:00:00,17.447868171513406,0.02952261957954891
1288,2019-11-25 01:00:00,8.85930358583329,0.014990361397349052
1288,2019-11-25 09:00:00,32.526017448203135,0.05503556251811021
1288,2019-11-25 17:00:00,6.800800380579643,0.011507276447681292
1288,2019-11-26 01:00:00,1.1856476865200918,0.002006172058409631
1288,2019-11-26 09:00:00,30.306697803611627,0.05128036853402983
1288,2019-11-26 17:00:00,9.654113360251978,0.016335217191627713
1350,2019-11-17 01:00:00,6.208080151152277,0.05398330566219371
1350,2019-11-17 09:00:00,35.30655540473681,0.307013525258581
1350,2019-11-17 17:00:00,11.006640885584813,0.09570992074421576
1350,2019-11-18 01:00:00,2.494340699126017,0.021689919122834928
1350,2019-11-18 09:00:00,26.24842692075743,0.228247190615282
1350,2019-11-18 17:00:00,0.6212535231207781,0.005402204548876331
1350,2019-11-19 01:00:00,0.0,0.0
1350,2019-11-19 09:00:00,24.353384417050076,0.21176856014826154
1350,2019-11-19 17:00:00,3.8280002833249327,0.0332869589854342
1350,2019-11-20 01:00:00,0.8296452747142133,0.0072143067366453335
1350,2019-11-20 09:00:00,29.516414969360174,0.2566644779944363
1350,2019-11-20 17:00:00,6.550142621590661,0.056957761926875315
1350,2019-11-21 01:00:00,0.9706668555908706,0.008440581352964093
1350,2019-11-21 09:00:00,28.092823220600543,0.24428541930956993
1350,2019-11-21 17:00:00,4.688510329141998,0.04076965503601737
1350,2019-11-22 01:00:00,0.0,0.0
1350,2019-11-22 09:00:00,26.967996767790922,0.23450431971992106
1350,2019-11-22 17:00:00,4.774764008939217,0.04151968703425406
1350,2019-11-23 01:00:00,1.8147521052599593,0.015780453089217036
1350,2019-11-23 09:00:00,33.03792546398853,0.28728630838250896
1350,2019-11-23 17:00:00,14.316208629184638,0.12448877068856207
1350,2019-11-24 01:00:00,12.76689810429311,0.1110165052547227
1350,2019-11-24 09:00:00,41.81252864440724,0.3635872056035412
1350,2019-11-24 17:00:00,17.447868171513406,0.15172059279576874
1350,2019-11-25 01:00:00,8.85930358583329,0.07703742248550687
1350,2019-11-25 09:00:00,32.526017448203135,0.2828349343322012
1350,2019-11-25 17:00:00,6.800800380579643,0.05913739461373603
1350,2019-11-26 01:00:00,1.1856476865200918,0.010309979882783408
1350,2019-11-26 09:00:00,30.306697803611627,0.2635365026401011
1350,2019-11-26 17:00:00,9.654113360251978,0.08394881182827807
1351,2019-11-17 01:00:00,6.208080151152277,0.07959077116861894
1351,2019-11-17 09:00:00,35.30655540473681,0.4526481462145745
1351,2019-11-17 17:00:00,11.006640885584813,0.1411107805844207
1351,2019-11-18 01:00:00,2.494340699126017,0.031978726911872014
1351,2019-11-18 09:00:00,26.24842692075743,0.3365182938558645
1351,2019-11-18 17:00:00,0.6212535231207781,0.007964788757958693
1351,2019-11-19 01:00:00,0.0,0.0
1351,2019-11-19 09:00:00,24.353384417050076,0.31222287714166763
1351,2019-11-19 17:00:00,3.8280002833249327,0.04907692670929401
1351,2019-11-20 01:00:00,0.8296452747142133,0.010636477880951452
1351,2019-11-20 09:00:00,29.516414969360174,0.37841557653025865
1351,2019-11-20 17:00:00,6.550142621590661,0.08397618745629053
1351,2019-11-21 01:00:00,0.9706668555908706,0.012444446866549623
1351,2019-11-21 09:00:00,28.092823220600543,0.3601644002641095
1351,2019-11-21 17:00:00,4.688510329141998,0.06010910678387177
1351,2019-11-22 01:00:00,0.0,0.0
1351,2019-11-22 09:00:00,26.967996767790922,0.3457435483050118
1351,2019-11-22 17:00:00,4.774764008939217,0.06121492319152842
1351,2019-11-23 01:00:00,1.8147521052599593,0.02326605263153794
1351,2019-11-23 09:00:00,33.03792546398853,0.42356314697421193
1351,2019-11-23 17:00:00,14.316208629184638,0.18354113627159793
1351,2019-11-24 01:00:00,12.76689810429311,0.16367818082427066
1351,2019-11-24 09:00:00,41.81252864440724,0.5360580595436826
1351,2019-11-24 17:00:00,17.447868171513406,0.2236906175835052
1351,2019-11-25 01:00:00,8.85930358583329,0.1135808152029909
1351,2019-11-25 09:00:00,32.526017448203135,0.41700022369491196
1351,2019-11-25 17:00:00,6.800800380579643,0.08718974846896978
1351,2019-11-26 01:00:00,1.1856476865200918,0.015200611365642202
1351,2019-11-26 09:00:00,30.306697803611627,0.3885474077386106
1351,2019-11-26 17:00:00,9.654113360251978,0.12377068410579459
831,2019-11-17 01:00:00,6.208080151152277,0.01525326818464933
831,2019-11-17 09:00:00,35.30655540473681,0.08674829337773172
831,2019-11-17 17:00:00,11.006640885584813,0.027043343699225585
831,2019-11-18 01:00:00,2.494340699126017,0.00612860122635385
831,2019-11-18 09:00:00,26.24842692075743,0.06449244943675045
831,2019-11-18 17:00:00,0.6212535231207781,0.0015264214327291845
831,2019-11-19 01:00:00,0.0,0.0
831,2019-11-19 09:00:00,24.353384417050076,0.05983632534901739
831,2019-11-19 17:00:00,3.8280002833249327,0.00940540610153546
831,2019-11-20 01:00:00,0.8296452747142133,0.0020384404784133006
831,2019-11-20 09:00:00,29.516414969360174,0.07252190410162204
831,2019-11-20 17:00:00,6.550142621590661,0.01609371651496477
831,2019-11-21 01:00:00,0.9706668555908706,0.002384930849117618
831,2019-11-21 09:00:00,28.092823220600543,0.06902413567715121
831,2019-11-21 17:00:00,4.688510329141998,0.011519681398383287
831,2019-11-22 01:00:00,0.0,0.0
831,2019-11-22 09:00:00,26.967996767790922,0.06626043431889661
831,2019-11-22 17:00:00,4.774764008939217,0.011731606901570556
831,2019-11-23 01:00:00,1.8147521052599593,0.004458850381474102
831,2019-11-23 09:00:00,33.03792546398853,0.08117426403928385
831,2019-11-23 17:00:00,14.316208629184638,0.03517495977686643
831,2019-11-24 01:00:00,12.76689810429311,0.03136830001054818
831,2019-11-24 09:00:00,41.81252864440724,0.10273348561279419
831,2019-11-24 17:00:00,17.447868171513406,0.0428694549668634
831,2019-11-25 01:00:00,8.85930358583329,0.02176733067772307
831,2019-11-25 09:00:00,32.526017448203135,0.0799165047867399
831,2019-11-25 17:00:00,6.800800380579643,0.01670958324466743
831,2019-11-26 01:00:00,1.1856476865200918,0.002913139278919144
831,2019-11-26 09:00:00,30.306697803611627,0.07446363096710473
831,2019-11-26 17:00:00,9.654113360251978,0.023720180246319358
832,2019-11-17 01:00:00,6.208080151152277,0.05445684343116033
832,2019-11-17 09:00:00,35.30655540473681,0.3097066263573405
832,2019-11-17 17:00:00,11.006640885584813,0.09654948145249836
832,2019-11-18 01:00:00,2.494340699126017,0.02188018157128085
832,2019-11-18 09:00:00,26.24842692075743,0.23024935895401255
832,2019-11-18 17:00:00,0.6212535231207781,0.005449592308077001
832,2019-11-19 01:00:00,0.0,0.0
832,2019-11-19 09:00:00,24.353384417050076,0.2136261790969305
832,2019-11-19 17:00:00,3.8280002833249327,0.03357894985372748
832,2019-11-20 01:00:00,0.8296452747142133,0.007277590129072047
832,2019-11-20 09:00:00,29.516414969360174,0.25891592078386116
832,2019-11-20 17:00:00,6.550142621590661,0.05745739141746194
832,2019-11-21 01:00:00,0.9706668555908706,0.008514621540270795
832,2019-11-21 09:00:00,28.092823220600543,0.24642827386491706
832,2019-11-21 17:00:00,4.688510329141998,0.0411272835889649
832,2019-11-22 01:00:00,0.0,0.0
832,2019-11-22 09:00:00,26.967996767790922,0.2365613751560607
832,2019-11-22 17:00:00,4.774764008939217,0.041883894815256284
832,2019-11-23 01:00:00,1.8147521052599593,0.015918878116315434
832,2019-11-23 09:00:00,33.03792546398853,0.2898063637191976
832,2019-11-23 17:00:00,14.316208629184638,0.12558077744898805
832,2019-11-24 01:00:00,12.76689810429311,0.11199033424818518
832,2019-11-24 09:00:00,41.81252864440724,0.3667765670562038
832,2019-11-24 17:00:00,17.447868171513406,0.1530514751887141
832,2019-11-25 01:00:00,8.85930358583329,0.07771318934941482
832,2019-11-25 09:00:00,32.526017448203135,0.28531594252809767
832,2019-11-25 17:00:00,6.800800380579643,0.059656143689295116
832,2019-11-26 01:00:00,1.1856476865200918,0.010400418302807822
832,2019-11-26 09:00:00,30.306697803611627,0.2658482263474704
832,2019-11-26 17:00:00,9.654113360251978,0.08468520491449104
898,2019-11-17 01:00:00,6.208080151152277,0.01842160282241032
898,2019-11-17 09:00:00,35.30655540473681,0.10476722672028728
898,2019-11-17 17:00:00,11.006640885584813,0.03266065544683921
898,2019-11-18 01:00:00,2.494340699126017,0.007401604448445154
898,2019-11-18 09:00:00,26.24842692075743,0.07788850718325648
898,2019-11-18 17:00:00,0.6212535231207781,0.0018434822644533475
898,2019-11-19 01:00:00,0.0,0.0
898,2019-11-19 09:00:00,24.353384417050076,0.0722652356589023
898,2019-11-19 17:00:00,3.8280002833249327,0.011359051285830661
898,2019-11-20 01:00:00,0.8296452747142133,0.0024618554145822355
898,2019-11-20 09:00:00,29.516414969360174,0.08758580109602425
898,2019-11-20 17:00:00,6.550142621590661,0.019436624989883265
898,2019-11-21 01:00:00,0.9706668555908706,0.0028803170789046604
898,2019-11-21 09:00:00,28.092823220600543,0.0833614932362034
898,2019-11-21 17:00:00,4.688510329141998,0.01391249355828486
898,2019-11-22 01:00:00,0.0,0.0
898,2019-11-22 09:00:00,26.967996767790922,0.0800237292812787
898,2019-11-22 17:00:00,4.774764008939217,0.01416843919566533
898,2019-11-23 01:00:00,1.8147521052599593,0.005385021083857446
898,2019-11-23 09:00:00,33.03792546398853,0.09803538713349712
898,2019-11-23 17:00:00,14.316208629184638,0.04248133124387133
898,2019-11-24 01:00:00,12.76689810429311,0.0378839706358846
898,2019-11-24 09:00:00,41.81252864440724,0.12407278529497696
898,2019-11-24 17:00:00,17.447868171513406,0.05177408952971337
898,2019-11-25 01:00:00,8.85930358583329,0.026288734676063175
898,2019-11-25 09:00:00,32.526017448203135,0.09651637224986093
898,2019-11-25 17:00:00,6.800800380579643,0.02018041655958351
898,2019-11-26 01:00:00,1.1856476865200918,0.003518242393234694
898,2019-11-26 09:00:00,30.306697803611627,0.08993085401665171
898,2019-11-26 17:00:00,9.654113360251978,0.028647220653566702
899,2019-11-17 01:00:00,6.208080151152277,0.016778595003114263
899,2019-11-17 09:00:00,35.30655540473681,0.0954231227155049
899,2019-11-17 17:00:00,11.006640885584813,0.029747678069148145
899,2019-11-18 01:00:00,2.494340699126017,0.006741461348989235
899,2019-11-18 09:00:00,26.24842692075743,0.0709416943804255
899,2019-11-18 17:00:00,0.6212535231207781,0.001679063576002103
899,2019-11-19 01:00:00,0.0,0.0
899,2019-11-19 09:00:00,24.353384417050076,0.06581995788391913
899,2019-11-19 17:00:00,3.8280002833249327,0.010345946711689008
899,2019-11-20 01:00:00,0.8296452747142133,0.002242284526254631
899,2019-11-20 09:00:00,29.516414969360174,0.07977409451178426
899,2019-11-20 17:00:00,6.550142621590661,0.017703088166461246
899,2019-11-21 01:00:00,0.9706668555908706,0.00262342393402938
899,2019-11-21 09:00:00,28.092823220600543,0.07592654924486633
899,2019-11-21 17:00:00,4.688510329141998,0.012671649538221617
899,2019-11-22 01:00:00,0.0,0.0
899,2019-11-22 09:00:00,26.967996767790922,0.07288647775078627
899,2019-11-22 17:00:00,4.774764008939217,0.012904767591727612
899,2019-11-23 01:00:00,1.8147521052599593,0.0049047354196215115
899,2019-11-23 09:00:00,33.03792546398853,0.08929169044321224
899,2019-11-23 17:00:00,14.316208629184638,0.03869245575455307
899,2019-11-24 01:00:00,12.76689810429311,0.034505130011603
899,2019-11-24 09:00:00,41.81252864440724,0.11300683417407362
899,2019-11-24 17:00:00,17.447868171513406,0.04715640046354975
899,2019-11-25 01:00:00,8.85930358583329,0.02394406374549538
899,2019-11-25 09:00:00,32.526017448203135,0.08790815526541387
899,2019-11-25 17:00:00,6.800800380579643,0.01838054156913417
899,2019-11-26 01:00:00,1.1856476865200918,0.003204453206811059
899,2019-11-26 09:00:00,30.306697803611627,0.0819099940638152
899,2019-11-26 17:00:00,9.654113360251978,0.026092198270951293
900,2019-11-17 01:00:00,6.208080151152277,0.014013724946167668
900,2019-11-17 09:00:00,35.30655540473681,0.07969877066532012
900,2019-11-17 17:00:00,11.006640885584813,0.024845690486647434
900,2019-11-18 01:00:00,2.494340699126017,0.005630565912248345
900,2019-11-18 09:00:00,26.24842692075743,0.059251528037827156
900,2019-11-18 17:00:00,0.6212535231207781,0.0014023781560288445
900,2019-11-19 01:00:00,0.0,0.0
900,2019-11-19 09:00:00,24.353384417050076,0.05497377972246067
900,2019-11-19 17:00:00,3.8280002833249327,0.008641084161004363
900,2019-11-20 01:00:00,0.8296452747142133,0.001872788430506125
900,2019-11-20 09:00:00,29.516414969360174,0.06662847622880401
900,2019-11-20 17:00:00,6.550142621590661,0.014785874992303974
900,2019-11-21 01:00:00,0.9706668555908706,0.002191121570182552
900,2019-11-21 09:00:00,28.092823220600543,0.06341495083657007
900,2019-11-21 17:00:00,4.688510329141998,0.010583544761042885
900,2019-11-22 01:00:00,0.0,0.0
900,2019-11-22 09:00:00,26.967996767790922,0.060875839204945645
900,2019-11-22 17:00:00,4.774764008939217,0.01077824832717656
900,2019-11-23 01:00:00,1.8147521052599593,0.004096505880947989
900,2019-11-23 09:00:00,33.03792546398853,0.07457770985098991
900,2019-11-23 17:00:00,14.316208629184638,0.03231649803427684
900,2019-11-24 01:00:00,12.76689810429311,0.02881918307966842
900,2019-11-24 09:00:00,41.81252864440724,0.09438494050656261
900,2019-11-24 17:00:00,17.447868171513406,0.03938570693343884
900,2019-11-25 01:00:00,8.85930358583329,0.019998427958991625
900,2019-11-25 09:00:00,32.526017448203135,0.07342216128262559
900,2019-11-25 17:00:00,6.800800380579643,0.015351693861353596
900,2019-11-26 01:00:00,1.1856476865200918,0.002676405612912171
900,2019-11-26 09:00:00,30.306697803611627,0.06841241039189984
900,2019-11-26 17:00:00,9.654113360251978,0.021792580948650064
926,2019-11-17 01:00:00,6.208080151152277,0.030581675621439788
926,2019-11-17 09:00:00,35.30655540473681,0.17392391824993503
926,2019-11-17 17:00:00,11.006640885584813,0.05421990584031928
926,2019-11-18 01:00:00,2.494340699126017,0.012287392606532103
926,2019-11-18 09:00:00,26.24842692075743,0.12930259566875582
926,2019-11-18 17:00:00,0.6212535231207781,0.003060362182860976
926,2019-11-19 01:00:00,0.0,0.0
926,2019-11-19 09:00:00,24.353384417050076,0.11996741092142894
926,2019-11-19 17:00:00,3.8280002833249327,0.01885714425283218
926,2019-11-20 01:00:00,0.8296452747142133,0.0040869225355379965
926,2019-11-20 09:00:00,29.516414969360174,0.14540105896236538
926,2019-11-20 17:00:00,6.550142621590661,0.032266712421628874
926,2019-11-21 01:00:00,0.9706668555908706,0.004781610126063402
926,2019-11-21 09:00:00,28.092823220600543,0.13838829172709627
926,2019-11-21 17:00:00,4.688510329141998,0.02309610999577339
926,2019-11-22 01:00:00,0.0,0.0
926,2019-11-22 09:00:00,26.967996767790922,0.1328472747181819
926,2019-11-22 17:00:00,4.774764008939217,0.023521004970143925
926,2019-11-23 01:00:00,1.8147521052599593,0.008939665543152508
926,2019-11-23 09:00:00,33.03792546398853,0.1627484013004361
926,2019-11-23 17:00:00,14.316208629184638,0.07052319521765832
926,2019-11-24 01:00:00,12.76689810429311,0.06289112366646853
926,2019-11-24 09:00:00,41.81252864440724,0.20597304750939527
926,2019-11-24 17:00:00,17.447868171513406,0.08595008951484437
926,2019-11-25 01:00:00,8.85930358583329,0.04364188958538567
926,2019-11-25 09:00:00,32.526017448203135,0.16022668693696127
926,2019-11-25 17:00:00,6.800800380579643,0.03350147970728888
926,2019-11-26 01:00:00,1.1856476865200918,0.00584062899763592
926,2019-11-26 09:00:00,30.306697803611627,0.14929407785030357
926,2019-11-26 17:00:00,9.654113360251978,0.04755720867119201
974,2019-11-17 01:00:00,6.208080151152277,0.008768474789763104
974,2019-11-17 09:00:00,35.30655540473681,0.04986801610838533
974,2019-11-17 17:00:00,11.006640885584813,0.015546102945741262
974,2019-11-18 01:00:00,2.494340699126017,0.0035230800835113233
974,2019-11-18 09:00:00,26.24842692075743,0.037074049323103715
974,2019-11-18 17:00:00,0.6212535231207781,0.0008774767275717205
974,2019-11-19 01:00:00,0.0,0.0
974,2019-11-19 09:00:00,24.353384417050076,0.034397435617302366
974,2019-11-19 17:00:00,3.8280002833249327,0.005406780061193408
974,2019-11-20 01:00:00,0.8296452747142133,0.001171815359765838
974,2019-11-20 09:00:00,29.516414969360174,0.04168985165163867
974,2019-11-20 17:00:00,6.550142621590661,0.009251613872303194
974,2019-11-21 01:00:00,0.9706668555908706,0.0013709983836029246
974,2019-11-21 09:00:00,28.092823220600543,0.03967912884265613
974,2019-11-21 17:00:00,4.688510329141998,0.0066221897304265505
974,2019-11-22 01:00:00,0.0,0.0
974,2019-11-22 09:00:00,26.967996767790922,0.03809039091495893
974,2019-11-22 17:00:00,4.774764008939217,0.006744016961778555
974,2019-11-23 01:00:00,1.8147521052599593,0.0025632091882202817
974,2019-11-23 09:00:00,33.03792546398853,0.046663736531057244
974,2019-11-23 17:00:00,14.316208629184638,0.020220633657040448
974,2019-11-24 01:00:00,12.76689810429311,0.018032341955216257
974,2019-11-24 09:00:00,41.81252864440724,0.05905724384803282
974,2019-11-24 17:00:00,17.447868171513406,0.024643881598182777
974,2019-11-25 01:00:00,8.85930358583329,0.012513140657956624
974,2019-11-25 09:00:00,32.526017448203135,0.04594070261045641
974,2019-11-25 17:00:00,6.800800380579643,0.009605650255055992
974,2019-11-26 01:00:00,1.1856476865200918,0.0016746436250283782
974,2019-11-26 09:00:00,30.306697803611627,0.04280607034408422
974,2019-11-26 17:00:00,9.654113360251978,0.013635753333689235
817,2019-11-17 01:00:00,6.208080151152277,0.02193667897933667
817,2019-11-17 09:00:00,35.30655540473681,0.1247581463064905
817,2019-11-17 17:00:00,11.006640885584813,0.0388927239773315
817,2019-11-18 01:00:00,2.494340699126017,0.008813924731894053
817,2019-11-18 09:00:00,26.24842692075743,0.09275062516168704
817,2019-11-18 17:00:00,0.6212535231207781,0.002195242131168827
817,2019-11-19 01:00:00,0.0,0.0
817,2019-11-19 09:00:00,24.353384417050076,0.08605436189770345
817,2019-11-19 17:00:00,3.8280002833249327,0.013526502767932625
817,2019-11-20 01:00:00,0.8296452747142133,0.002931608744573192
817,2019-11-20 09:00:00,29.516414969360174,0.10429828611081333
817,2019-11-20 17:00:00,6.550142621590661,0.023145380288306223
817,2019-11-21 01:00:00,0.9706668555908706,0.0034299182176355855
817,2019-11-21 09:00:00,28.092823220600543,0.09926792657456023
817,2019-11-21 17:00:00,4.688510329141998,0.016567174307922254
817,2019-11-22 01:00:00,0.0,0.0
817,2019-11-22 09:00:00,26.967996767790922,0.09529327479784779
817,2019-11-22 17:00:00,4.774764008939217,0.016871957628760485
817,2019-11-23 01:00:00,1.8147521052599593,0.006412551608692436
817,2019-11-23 09:00:00,33.03792546398853,0.11674178609183226
817,2019-11-23 17:00:00,14.316208629184638,0.05058730964376197
817,2019-11-24 01:00:00,12.76689810429311,0.04511271414944562
817,2019-11-24 09:00:00,41.81252864440724,0.14774745104030826
817,2019-11-24 17:00:00,17.447868171513406,0.06165324442230886
817,2019-11-25 01:00:00,8.85930358583329,0.03130495966725544
817,2019-11-25 09:00:00,32.526017448203135,0.11493292384524076
817,2019-11-25 17:00:00,6.800800380579643,0.024031096751164816
817,2019-11-26 01:00:00,1.1856476865200918,0.004189567796890783
817,2019-11-26 09:00:00,30.306697803611627,0.1070908049597584
817,2019-11-26 17:00:00,9.654113360251978,0.0341134747712084
689,2019-11-17 01:00:00,6.208080151152277,0.046677294369566
689,2019-11-17 09:00:00,35.30655540473681,0.2654628225920061
689,2019-11-17 17:00:00,11.006640885584813,0.08275669838785574
689,2019-11-18 01:00:00,2.494340699126017,0.018754441346812156
689,2019-11-18 09:00:00,26.24842692075743,0.19735659338915362
689,2019-11-18 17:00:00,0.6212535231207781,0.004671079121208858
689,2019-11-19 01:00:00,0.0,0.0
689,2019-11-19 09:00:00,24.353384417050076,0.18310815351165471
689,2019-11-19 17:00:00,3.8280002833249327,0.028781957017480698
689,2019-11-20 01:00:00,0.8296452747142133,0.006237934396347468
689,2019-11-20 09:00:00,29.516414969360174,0.22192793210045245
689,2019-11-20 17:00:00,6.550142621590661,0.0492491926435388
689,2019-11-21 01:00:00,0.9706668555908706,0.007298247034517824
689,2019-11-21 09:00:00,28.092823220600543,0.21122423474135746
689,2019-11-21 17:00:00,4.688510329141998,0.03525195736196991
689,2019-11-22 01:00:00,0.0,0.0
689,2019-11-22 09:00:00,26.967996767790922,0.2027668929909092
689,2019-11-22 17:00:00,4.774764008939217,0.03590048127021968
689,2019-11-23 01:00:00,1.8147521052599593,0.013644752671127514
689,2019-11-23 09:00:00,33.03792546398853,0.2484054546164551
689,2019-11-23 17:00:00,14.316208629184638,0.1076406663848469
689,2019-11-24 01:00:00,12.76689810429311,0.09599171506987302
689,2019-11-24 09:00:00,41.81252864440724,0.3143799146196033
689,2019-11-24 17:00:00,17.447868171513406,0.1311869787331835
689,2019-11-25 01:00:00,8.85930358583329,0.06661130515664128
689,2019-11-25 09:00:00,32.526017448203135,0.24455652216694085
689,2019-11-25 17:00:00,6.800800380579643,0.05113383744796724
689,2019-11-26 01:00:00,1.1856476865200918,0.008914644259549562
689,2019-11-26 09:00:00,30.306697803611627,0.22786990829783177
689,2019-11-26 17:00:00,9.654113360251978,0.07258731849813517
1276,2019-11-17 01:00:00,6.208080151152277,0.03785414726312364
1276,2019-11-17 09:00:00,35.30655540473681,0.2152838744191269
1276,2019-11-17 17:00:00,11.006640885584813,0.06711366393649276
1276,2019-11-18 01:00:00,2.494340699126017,0.015209394506865957
1276,2019-11-18 09:00:00,26.24842692075743,0.16005138366315508
1276,2019-11-18 17:00:00,0.6212535231207781,0.0037881312385413296
1276,2019-11-19 01:00:00,0.0,0.0
1276,2019-11-19 09:00:00,24.353384417050076,0.1484962464454273
1276,2019-11-19 17:00:00,3.8280002833249327,0.0233414651422252
1276,2019-11-20 01:00:00,0.8296452747142133,0.005058812650696423
1276,2019-11-20 09:00:00,29.516414969360174,0.17997814005707424
1276,2019-11-20 17:00:00,6.550142621590661,0.039939894034089395
1276,2019-11-21 01:00:00,0.9706668555908706,0.005918700338968724
1276,2019-11-21 09:00:00,28.092823220600543,0.17129770256463747
1276,2019-11-21 17:00:00,4.688510329141998,0.0285884776167195
1276,2019-11-22 01:00:00,0.0,0.0
1276,2019-11-22 09:00:00,26.967996767790922,0.16443900468165196
1276,2019-11-22 17:00:00,4.774764008939217,0.02911441468865376
1276,2019-11-23 01:00:00,1.8147521052599593,0.011065561617438777
1276,2019-11-23 09:00:00,33.03792546398853,0.2014507650243203
1276,2019-11-23 17:00:00,14.316208629184638,0.08729395505600389
1276,2019-11-24 01:00:00,12.76689810429311,0.07784693966032384
1276,2019-11-24 09:00:00,41.81252864440724,0.2549544429537027
1276,2019-11-24 17:00:00,17.447868171513406,0.10638944007020369
1276,2019-11-25 01:00:00,8.85930358583329,0.054020143816056646
1276,2019-11-25 09:00:00,32.526017448203135,0.19832937468416545
1276,2019-11-25 17:00:00,6.800800380579643,0.04146829500353441
1276,2019-11-26 01:00:00,1.1856476865200918,0.007229559064146901
1276,2019-11-26 09:00:00,30.306697803611627,0.18479693782690015
1276,2019-11-26 17:00:00,9.654113360251978,0.05886654487958523
1277,2019-11-17 01:00:00,6.208080151152277,0.013826459133969437
1277,2019-11-17 09:00:00,35.30655540473681,0.07863375368538265
1277,2019-11-17 17:00:00,11.006640885584813,0.02451367680531139
1277,2019-11-18 01:00:00,2.494340699126017,0.005555324496939904
1277,2019-11-18 09:00:00,26.24842692075743,0.058459748153134594
1277,2019-11-18 17:00:00,0.6212535231207781,0.0013836381361264545
1277,2019-11-19 01:00:00,0.0,0.0
1277,2019-11-19 09:00:00,24.353384417050076,0.05423916351236097
1277,2019-11-19 17:00:00,3.8280002833249327,0.00852561310317357
1277,2019-11-20 01:00:00,0.8296452747142133,0.0018477623044859985
1277,2019-11-20 09:00:00,29.516414969360174,0.06573811797184893
1277,2019-11-20 17:00:00,6.550142621590661,0.014588290916682987
1277,2019-11-21 01:00:00,0.9706668555908706,0.0021618415492001574
1277,2019-11-21 09:00:00,28.092823220600543,0.06256753501247338
1277,2019-11-21 17:00:00,4.688510329141998,0.01044211654597327
1277,2019-11-22 01:00:00,0.0,0.0
1277,2019-11-22 09:00:00,26.967996767790922,0.06006235360309782
1277,2019-11-22 17:00:00,4.774764008939217,0.010634218282715404
1277,2019-11-23 01:00:00,1.8147521052599593,0.004041764154253807
1277,2019-11-23 09:00:00,33.03792546398853,0.07358112575498559
1277,2019-11-23 17:00:00,14.316208629184638,0.031884651735377814
1277,2019-11-24 01:00:00,12.76689810429311,0.028434071501766394
1277,2019-11-24 09:00:00,41.81252864440724,0.09312367181382458
1277,2019-11-24 17:00:00,17.447868171513406,0.03885939459134389
1277,2019-11-25 01:00:00,8.85930358583329,0.019731188387156547
1277,2019-11-25 09:00:00,32.526017448203135,0.07244101881559718
1277,2019-11-25 17:00:00,6.800800380579643,0.015146548731803215
1277,2019-11-26 01:00:00,1.1856476865200918,0.00264064072721624
1277,2019-11-26 09:00:00,30.306697803611627,0.06749821337107266
1277,2019-11-26 17:00:00,9.654113360251978,0.02150136605846766
672,2019-11-17 01:00:00,6.208080151152277,0.007868289164958527
672,2019-11-17 09:00:00,35.30655540473681,0.0447484859375625
672,2019-11-17 17:00:00,11.006640885584813,0.013950115190855277
672,2019-11-18 01:00:00,2.494340699126017,0.0031613950559265104
672,2019-11-18 09:00:00,26.24842692075743,0.03326796821388774
672,2019-11-18 17:00:00,0.6212535231207781,0.0007873935654255743
672,2019-11-19 01:00:00,0.0,0.0
672,2019-11-19 09:00:00,24.353384417050076,0.030866139945564103
672,2019-11-19 17:00:00,3.8280002833249327,0.004851711385709674
672,2019-11-20 01:00:00,0.8296452747142133,0.0010515149235921588
672,2019-11-20 09:00:00,29.516414969360174,0.037409904904132034
672,2019-11-20 17:00:00,6.550142621590661,0.008301828417732143
672,2019-11-21 01:00:00,0.9706668555908706,0.0012302495001151718
672,2019-11-21 09:00:00,28.092823220600543,0.03560560610975988
672,2019-11-21 17:00:00,4.688510329141998,0.005942345157340935
672,2019-11-22 01:00:00,0.0,0.0
672,2019-11-22 09:00:00,26.967996767790922,0.034179970554868086
672,2019-11-22 17:00:00,4.774764008939217,0.00605166541056935
672,2019-11-23 01:00:00,1.8147521052599593,0.00230006603961972
672,2019-11-23 09:00:00,33.03792546398853,0.041873162818743384
672,2019-11-23 17:00:00,14.316208629184638,0.018144751114302457
672,2019-11-24 01:00:00,12.76689810429311,0.01618111293319786
672,2019-11-24 09:00:00,41.81252864440724,0.05299433288264542
672,2019-11-24 17:00:00,17.447868171513406,0.022113901358065152
672,2019-11-25 01:00:00,8.85930358583329,0.01122852165504853
672,2019-11-25 09:00:00,32.526017448203135,0.041224356715086355
672,2019-11-25 17:00:00,6.800800380579643,0.008619518860050244
672,2019-11-26 01:00:00,1.1856476865200918,0.001502722036147138
672,2019-11-26 09:00:00,30.306697803611627,0.03841153080305656
672,2019-11-26 17:00:00,9.654113360251978,0.01223588512072494
1253,2019-11-17 01:00:00,6.208080151152277,0.012669551328882199
1253,2019-11-17 09:00:00,35.30655540473681,0.07205419470354452
1253,2019-11-17 17:00:00,11.006640885584813,0.022462532419560845
1253,2019-11-18 01:00:00,2.494340699126017,0.005090491222706157
1253,2019-11-18 09:00:00,26.24842692075743,0.05356821820562741
1253,2019-11-18 17:00:00,0.6212535231207781,0.0012678643328995472
1253,2019-11-19 01:00:00,0.0,0.0
1253,2019-11-19 09:00:00,24.353384417050076,0.04970078452459199
1253,2019-11-19 17:00:00,3.8280002833249327,0.007812245476173332
1253,2019-11-20 01:00:00,0.8296452747142133,0.0016931536218657416
1253,2019-11-20 09:00:00,29.516414969360174,0.0602375815701228
1253,2019-11-20 17:00:00,6.550142621590661,0.013367638003246246
1253,2019-11-21 01:00:00,0.9706668555908706,0.001980952766511981
1253,2019-11-21 09:00:00,28.092823220600543,0.05733229228693988
1253,2019-11-21 17:00:00,4.688510329141998,0.009568388426820404
1253,2019-11-22 01:00:00,0.0,0.0
1253,2019-11-22 09:00:00,26.967996767790922,0.055036728097532496
1253,2019-11-22 17:00:00,4.774764008939217,0.009744416344773911
1253,2019-11-23 01:00:00,1.8147521052599593,0.003703575725020325
1253,2019-11-23 09:00:00,33.03792546398853,0.06742433768160924
1253,2019-11-23 17:00:00,14.316208629184638,0.029216752304458447
1253,2019-11-24 01:00:00,12.76689810429311,0.026054894090394104
1253,2019-11-24 09:00:00,41.81252864440724,0.08533169111103518
1253,2019-11-24 17:00:00,17.447868171513406,0.03560789422757838
1253,2019-11-25 01:00:00,8.85930358583329,0.018080211399659776
1253,2019-11-25 09:00:00,32.526017448203135,0.06637962744531252
1253,2019-11-25 17:00:00,6.800800380579643,0.013879184450162537
1253,2019-11-26 01:00:00,1.1856476865200918,0.0024196891561634524
1253,2019-11-26 09:00:00,30.306697803611627,0.061850403680840056
1253,2019-11-26 17:00:00,9.654113360251978,0.01970227216377955
927,2019-11-17 01:00:00,6.208080151152277,0.050885902878297355
927,2019-11-17 09:00:00,35.30655540473681,0.28939799512079356
927,2019-11-17 17:00:00,11.006640885584813,0.09021836791462962
927,2019-11-18 01:00:00,2.494340699126017,0.020445415566606697
927,2019-11-18 09:00:00,26.24842692075743,0.2151510403340773
927,2019-11-18 17:00:00,0.6212535231207781,0.005092241992793263
927,2019-11-19 01:00:00,0.0,0.0
927,2019-11-19 09:00:00,24.353384417050076,0.1996179050577875
927,2019-11-19 17:00:00,3.8280002833249327,0.031377051502663386
927,2019-11-20 01:00:00,0.8296452747142133,0.006800371104214864
927,2019-11-20 09:00:00,29.516414969360174,0.24193782761770635
927,2019-11-20 17:00:00,6.550142621590661,0.05368969361959558
927,2019-11-21 01:00:00,0.9706668555908706,0.007956285701564514
927,2019-11-21 09:00:00,28.092823220600543,0.23026904279180774
927,2019-11-21 17:00:00,4.688510329141998,0.038430412533950804
927,2019-11-22 01:00:00,0.0,0.0
927,2019-11-22 09:00:00,26.967996767790922,0.2210491538343518
927,2019-11-22 17:00:00,4.774764008939217,0.03913740990933784
927,2019-11-23 01:00:00,1.8147521052599593,0.014875017256229174
927,2019-11-23 09:00:00,33.03792546398853,0.2708026677376109
927,2019-11-23 17:00:00,14.316208629184638,0.11734597237036588
927,2019-11-24 01:00:00,12.76689810429311,0.10464670577289435
927,2019-11-24 09:00:00,41.81252864440724,0.34272564462628885
927,2019-11-24 17:00:00,17.447868171513406,0.14301531288125743
927,2019-11-25 01:00:00,8.85930358583329,0.07261724250683024
927,2019-11-25 09:00:00,32.526017448203135,0.26660670039510764
927,2019-11-25 17:00:00,6.800800380579643,0.05574426541458724
927,2019-11-26 01:00:00,1.1856476865200918,0.009718423660000752
927,2019-11-26 09:00:00,30.306697803611627,0.24841555576730842
927,2019-11-26 17:00:00,9.654113360251978,0.07913207672337687
966,2019-11-17 01:00:00,6.208080151152277,0.02874111181089017
966,2019-11-17 09:00:00,35.30655540473681,0.1634562750219297
966,2019-11-17 17:00:00,11.006640885584813,0.05095667076659636
966,2019-11-18 01:00:00,2.494340699126017,0.011547873607064893
966,2019-11-18 09:00:00,26.24842692075743,0.12152049500350663
966,2019-11-18 17:00:00,0.6212535231207781,0.0028761737181517504
966,2019-11-19 01:00:00,0.0,0.0
966,2019-11-19 09:00:00,24.353384417050076,0.11274715007893554
966,2019-11-19 17:00:00,3.8280002833249327,0.017722223533911726
966,2019-11-20 01:00:00,0.8296452747142133,0.003840950345899136
966,2019-11-20 09:00:00,29.516414969360174,0.1366500693025934
966,2019-11-20 17:00:00,6.550142621590661,0.030324734359216024
966,2019-11-21 01:00:00,0.9706668555908706,0.00449382803514292
966,2019-11-21 09:00:00,28.092823220600543,0.13005936676203955
966,2019-11-21 17:00:00,4.688510329141998,0.02170606633862036
966,2019-11-22 01:00:00,0.0,0.0
966,2019-11-22 09:00:00,26.967996767790922,0.12485183688792094
966,2019-11-22 17:00:00,4.774764008939217,0.022105388930274153
966,2019-11-23 01:00:00,1.8147521052599593,0.008401630116944257
966,2019-11-23 09:00:00,33.03792546398853,0.1529533586295765
966,2019-11-23 17:00:00,14.316208629184638,0.06627874365363258
966,2019-11-24 01:00:00,12.76689810429311,0.05910600974209773
966,2019-11-24 09:00:00,41.81252864440724,0.19357652150188537
966,2019-11-24 17:00:00,17.447868171513406,0.08077716746071022
966,2019-11-25 01:00:00,8.85930358583329,0.04101529437885782
966,2019-11-25 09:00:00,32.526017448203135,0.15058341411205156
966,2019-11-25 17:00:00,6.800800380579643,0.03148518694712798
966,2019-11-26 01:00:00,1.1856476865200918,0.00548910965981524
966,2019-11-26 09:00:00,30.306697803611627,0.1403087861278316
966,2019-11-26 17:00:00,9.654113360251978,0.04469496926042583
897,2019-11-17 01:00:00,6.208080151152277,0.039291646526280234
897,2019-11-17 09:00:00,35.30655540473681,0.2234592114223849
897,2019-11-17 17:00:00,11.006640885584813,0.06966228408597983
897,2019-11-18 01:00:00,2.494340699126017,0.015786966450164662
897,2019-11-18 09:00:00,26.24842692075743,0.16612928430859134
897,2019-11-18 17:00:00,0.6212535231207781,0.0039319843235492286
897,2019-11-19 01:00:00,0.0,0.0
897,2019-11-19 09:00:00,24.353384417050076,0.15413534441170934
897,2019-11-19 17:00:00,3.8280002833249327,0.024227849894461598
897,2019-11-20 01:00:00,0.8296452747142133,0.00525091946021654
897,2019-11-20 09:00:00,29.516414969360174,0.18681275297063402
897,2019-11-20 17:00:00,6.550142621590661,0.04145659887082697
897,2019-11-21 01:00:00,0.9706668555908706,0.006143461111334624
897,2019-11-21 09:00:00,28.092823220600543,0.17780267861139584
897,2019-11-21 17:00:00,4.688510329141998,0.029674116007227837
897,2019-11-22 01:00:00,0.0,0.0
897,2019-11-22 09:00:00,26.967996767790922,0.17068352384677798
897,2019-11-22 17:00:00,4.774764008939217,0.03022002537303302
897,2019-11-23 01:00:00,1.8147521052599593,0.011485772818101009
897,2019-11-23 09:00:00,33.03792546398853,0.20910079407587676
897,2019-11-23 17:00:00,14.316208629184638,0.09060891537458632
897,2019-11-24 01:00:00,12.76689810429311,0.08080315255881715
897,2019-11-24 09:00:00,41.81252864440724,0.26463625724308376
897,2019-11-24 17:00:00,17.447868171513406,0.11042954538932535
897,2019-11-25 01:00:00,8.85930358583329,0.05607154168248918
897,2019-11-25 09:00:00,32.526017448203135,0.20586086992533628
897,2019-11-25 17:00:00,6.800800380579643,0.043043040383415464
897,2019-11-26 01:00:00,1.1856476865200918,0.007504099281772733
897,2019-11-26 09:00:00,30.306697803611627,0.1918145430608331
897,2019-11-26 17:00:00,9.654113360251978,0.06110198329273404
967,2019-11-17 01:00:00,6.208080151152277,0.0037465782445095215
967,2019-11-17 09:00:00,35.30655540473681,0.021307516840517085
967,2019-11-17 17:00:00,11.006640885584813,0.0066425110957059825
967,2019-11-18 01:00:00,2.494340699126017,0.0015053353645902334
967,2019-11-18 09:00:00,26.24842692075743,0.015840933567143892
967,2019-11-18 17:00:00,0.6212535231207781,0.0003749266886667339
967,2019-11-19 01:00:00,0.0,0.0
967,2019-11-19 09:00:00,24.353384417050076,0.014697274844327143
967,2019-11-19 17:00:00,3.8280002833249327,0.0023101993260862598
967,2019-11-20 01:00:00,0.8296452747142133,0.0005006911736356146
967,2019-11-20 09:00:00,29.516414969360174,0.017813165340591536
967,2019-11-20 17:00:00,6.550142621590661,0.003953013048636488
967,2019-11-21 01:00:00,0.9706668555908706,0.0005857977402479606
967,2019-11-21 09:00:00,28.092823220600543,0.016954027290646073
967,2019-11-21 17:00:00,4.688510329141998,0.002829517398395895
967,2019-11-22 01:00:00,0.0,0.0
967,2019-11-22 09:00:00,26.967996767790922,0.016275194186958913
967,2019-11-22 17:00:00,4.774764008939217,0.0028815715201805773
967,2019-11-23 01:00:00,1.8147521052599593,0.001095203443126107
967,2019-11-23 09:00:00,33.03792546398853,0.01993839798671607
967,2019-11-23 17:00:00,14.316208629184638,0.008639836227631042
967,2019-11-24 01:00:00,12.76689810429311,0.007704826858354321
967,2019-11-24 09:00:00,41.81252864440724,0.025233873653836593
967,2019-11-24 17:00:00,17.447868171513406,0.010529793706405194
967,2019-11-25 01:00:00,8.85930358583329,0.005346592387346584
967,2019-11-25 09:00:00,32.526017448203135,0.019629461344721263
967,2019-11-25 17:00:00,6.800800380579643,0.004104285081822355
967,2019-11-26 01:00:00,1.1856476865200918,0.0007155387365842437
967,2019-11-26 09:00:00,30.306697803611627,0.018290101269530252
967,2019-11-26 17:00:00,9.654113360251978,0.005826260326042232
1344,2019-11-17 01:00:00,6.208080151152277,0.04888252087521478
1344,2019-11-17 09:00:00,35.30655540473681,0.2780043732656442
1344,2019-11-17 17:00:00,11.006640885584813,0.08666646366602215
1344,2019-11-18 01:00:00,2.494340699126017,0.01964047794587415
1344,2019-11-18 09:00:00,26.24842692075743,0.2066805269350979
1344,2019-11-18 17:00:00,0.6212535231207781,0.004891760024573056
1344,2019-11-19 01:00:00,0.0,0.0
1344,2019-11-19 09:00:00,24.353384417050076,0.19175893241771713
1344,2019-11-19 17:00:00,3.8280002833249327,0.03014173451436955
1344,2019-11-20 01:00:00,0.8296452747142133,0.006532639958379632
1344,2019-11-20 09:00:00,29.516414969360174,0.2324127162941746
1344,2019-11-20 17:00:00,6.550142621590661,0.05157592615425717
1344,2019-11-21 01:00:00,0.9706668555908706,0.007643046107014729
1344,2019-11-21 09:00:00,28.092823220600543,0.22120333244567356
1344,2019-11-21 17:00:00,4.688510329141998,0.03691740416647243
1344,2019-11-22 01:00:00,0.0,0.0
1344,2019-11-22 09:00:00,26.967996767790922,0.2123464312424482
1344,2019-11-22 17:00:00,4.774764008939217,0.037596566999521394
1344,2019-11-23 01:00:00,1.8147521052599593,0.01428938665559023
1344,2019-11-23 09:00:00,33.03792546398853,0.26014114538573646
1344,2019-11-23 17:00:00,14.316208629184638,0.11272605219830424
1344,2019-11-24 01:00:00,12.76689810429311,0.1005267567267174
1344,2019-11-24 09:00:00,41.81252864440724,0.3292325090110806
1344,2019-11-24 17:00:00,17.447868171513406,0.13738478875207405
1344,2019-11-25 01:00:00,8.85930358583329,0.06975829595144323
1344,2019-11-25 09:00:00,32.526017448203135,0.2561103736078987
1344,2019-11-25 17:00:00,6.800800380579643,0.0535496092959027
1344,2019-11-26 01:00:00,1.1856476865200918,0.009335808555276314
1344,2019-11-26 09:00:00,30.306697803611627,0.2386354157764695
1344,2019-11-26 17:00:00,9.654113360251978,0.07601664063190534
